Wanda,13.45
Frances,65.56
Chloris,15.28
Demetris,16.96
Ebonee,26.55
Mady,19.91
Fanny,25.5
Janis,66.25
Ursulina,74.25
Amii,3.11
Daphne,88.28
Renae,17.94
Sarette,85.41
Sadie,29.44
Siana,31.78
Shauna,5.94
Candi,65.13
Giustina,13.13
Corene,78.38
Olwen,12.21
Sean,29.11
Sheelagh,83.55
Janenna,80.43
Althea,72.95
Ethel,32.07
Misha,80.92
Brietta,90.93
Albertina,88.21
Sandie,70.51
Nelle,76.04
Allis,57.79
Paola,72.16
Lorenza,60.46
Kary,1.88
Lacie,25.34
Fanny,95.18
Jany,100.58
Constance,8.5
Ayn,76.24
Maurene,70.68
Jsandye,51.6
Celene,24.73
Noelle,79.72
Jobi,25.4
Corly,90.45
Evaleen,39.07
Lanna,92.36
Kara-Lynn,67.29
Abbie,45.79
Phylis,91.69
Hermione,40.44
Damaris,94.49
Cherrita,93.3
Dode,65.98
Candi,23.31
Nananne,22.7
Christy,42.38
Charlena,22.41
Merry,3.12
Britte,22.3
Janeczka,13.33
Tami,84.12
Brooks,59.76
Sean,23.15
Jeanna,7.14
Vevay,43.2
Moyna,21.07
Xylina,29.5
Hallie,6.35
Karlee,58.47
Anica,84.65
Paule,100.94
Sissy,25.9
Flo,98.39
Berget,55.11
Fanny,37.79
Calla,59.06
Jobi,16.2
Chloris,3.33
Natka,19.43
Karlee,18.79
Deane,52.64
Kylynn,99.62
Iseabal,17.74
Sadie,68.49
Gerianna,72.94
Jacquetta,47.2
Inga,65.64
Giustina,74.45
Britte,46.33
Sonni,60.32
Anestassia,6.73
Madeleine,16.78
Addia,11.45
Clarice,50.08
Cristine,52.1
Sheree,73.39
Valli,98.29
Lorenza,9.05
Kenna,48.96